{
  "name": "ESP_SSLClient",
  "version": "1.1.4",
  "keywords": "communication, REST, esp32, esp8266, arduino",
  "description": "The upgradable SSL Client for ESP8266, ESP32 and Raspberry Pi Pico W that supports external network interfaces e.g., WiFiClient, EthernetClient and GSMClient.",
  "repository": {
    "type": "git",
    "url": "https://github.com/mobizt/ESP_SSLClient.git"
  },
  "authors": [{
    "name": "Mobizt",
    "email": "k_suwatchai@hotmail.com"
  }],
  "frameworks": "arduino",
  "platforms": "espressif32, espressif8266, raspberrypi"
}